Email,Name
priya.sharma@acme.com,Priya Sharma
daniel.sharma@acme.com,Daniel Sharma
mei.sharma@acme.com,Mei Sharma
arjun.sharma@acme.com,Arjun Sharma
sofia.sharma@acme.com,Sofia Sharma
liam.sharma@acme.com,Liam Sharma
aisha.sharma@acme.com,Aisha Sharma
noah.sharma@acme.com,Noah Sharma
kavya.sharma@acme.com,Kavya Sharma
ethan.sharma@acme.com,Ethan Sharma
zara.sharma@acme.com,Zara Sharma
omar.sharma@acme.com,Omar Sharma
neha.sharma@acme.com,Neha Sharma
lucas.sharma@acme.com,Lucas Sharma
isha.sharma@acme.com,Isha Sharma
mateo.sharma@acme.com,Mateo Sharma
priya.okafor@acme.com,Priya Okafor
daniel.okafor@acme.com,Daniel Okafor
mei.okafor@acme.com,Mei Okafor
arjun.okafor@acme.com,Arjun Okafor
sofia.okafor@acme.com,Sofia Okafor
liam.okafor@acme.com,Liam Okafor
aisha.okafor@acme.com,Aisha Okafor
noah.okafor@acme.com,Noah Okafor
kavya.okafor@acme.com,Kavya Okafor
ethan.okafor@acme.com,Ethan Okafor
zara.okafor@acme.com,Zara Okafor
omar.okafor@acme.com,Omar Okafor
neha.okafor@acme.com,Neha Okafor
lucas.okafor@acme.com,Lucas Okafor
isha.okafor@acme.com,Isha Okafor
mateo.okafor@acme.com,Mateo Okafor
priya.lin@acme.com,Priya Lin
daniel.lin@acme.com,Daniel Lin
mei.lin@acme.com,Mei Lin
arjun.lin@acme.com,Arjun Lin
sofia.lin@acme.com,Sofia Lin
liam.lin@acme.com,Liam Lin
aisha.lin@acme.com,Aisha Lin
noah.lin@acme.com,Noah Lin
kavya.lin@acme.com,Kavya Lin
ethan.lin@acme.com,Ethan Lin
zara.lin@acme.com,Zara Lin
omar.lin@acme.com,Omar Lin
neha.lin@acme.com,Neha Lin
lucas.lin@acme.com,Lucas Lin
isha.lin@acme.com,Isha Lin
mateo.lin@acme.com,Mateo Lin
priya.patel@acme.com,Priya Patel
daniel.patel@acme.com,Daniel Patel
mei.patel@acme.com,Mei Patel
arjun.patel@acme.com,Arjun Patel
sofia.patel@acme.com,Sofia Patel
liam.patel@acme.com,Liam Patel
aisha.patel@acme.com,Aisha Patel
noah.patel@acme.com,Noah Patel
kavya.patel@acme.com,Kavya Patel
ethan.patel@acme.com,Ethan Patel
zara.patel@acme.com,Zara Patel
omar.patel@acme.com,Omar Patel
neha.patel@acme.com,Neha Patel
lucas.patel@acme.com,Lucas Patel
isha.patel@acme.com,Isha Patel
mateo.patel@acme.com,Mateo Patel
priya.rossi@acme.com,Priya Rossi
daniel.rossi@acme.com,Daniel Rossi
mei.rossi@acme.com,Mei Rossi
arjun.rossi@acme.com,Arjun Rossi
sofia.rossi@acme.com,Sofia Rossi
liam.rossi@acme.com,Liam Rossi
aisha.rossi@acme.com,Aisha Rossi
noah.rossi@acme.com,Noah Rossi
kavya.rossi@acme.com,Kavya Rossi
ethan.rossi@acme.com,Ethan Rossi
zara.rossi@acme.com,Zara Rossi
omar.rossi@acme.com,Omar Rossi
neha.rossi@acme.com,Neha Rossi
lucas.rossi@acme.com,Lucas Rossi
isha.rossi@acme.com,Isha Rossi
mateo.rossi@acme.com,Mateo Rossi
priya.murphy@acme.com,Priya Murphy
daniel.murphy@acme.com,Daniel Murphy
mei.murphy@acme.com,Mei Murphy
arjun.murphy@acme.com,Arjun Murphy
sofia.murphy@acme.com,Sofia Murphy
liam.murphy@acme.com,Liam Murphy
aisha.murphy@acme.com,Aisha Murphy
noah.murphy@acme.com,Noah Murphy
kavya.murphy@acme.com,Kavya Murphy
ethan.murphy@acme.com,Ethan Murphy
zara.murphy@acme.com,Zara Murphy
omar.murphy@acme.com,Omar Murphy
neha.murphy@acme.com,Neha Murphy
lucas.murphy@acme.com,Lucas Murphy
isha.murphy@acme.com,Isha Murphy
mateo.murphy@acme.com,Mateo Murphy
priya.khan@acme.com,Priya Khan
daniel.khan@acme.com,Daniel Khan
mei.khan@acme.com,Mei Khan
arjun.khan@acme.com,Arjun Khan
sofia.khan@acme.com,Sofia Khan
liam.khan@acme.com,Liam Khan
aisha.khan@acme.com,Aisha Khan
noah.khan@acme.com,Noah Khan
kavya.khan@acme.com,Kavya Khan
ethan.khan@acme.com,Ethan Khan
zara.khan@acme.com,Zara Khan
omar.khan@acme.com,Omar Khan
neha.khan@acme.com,Neha Khan
lucas.khan@acme.com,Lucas Khan
isha.khan@acme.com,Isha Khan
mateo.khan@acme.com,Mateo Khan
priya.becker@acme.com,Priya Becker
daniel.becker@acme.com,Daniel Becker
mei.becker@acme.com,Mei Becker
arjun.becker@acme.com,Arjun Becker
sofia.becker@acme.com,Sofia Becker
liam.becker@acme.com,Liam Becker
aisha.becker@acme.com,Aisha Becker
noah.becker@acme.com,Noah Becker
kavya.becker@acme.com,Kavya Becker
ethan.becker@acme.com,Ethan Becker
zara.becker@acme.com,Zara Becker
omar.becker@acme.com,Omar Becker
neha.becker@acme.com,Neha Becker
lucas.becker@acme.com,Lucas Becker
isha.becker@acme.com,Isha Becker
mateo.becker@acme.com,Mateo Becker
priya.iyer@acme.com,Priya Iyer
daniel.iyer@acme.com,Daniel Iyer
mei.iyer@acme.com,Mei Iyer
arjun.iyer@acme.com,Arjun Iyer
sofia.iyer@acme.com,Sofia Iyer
liam.iyer@acme.com,Liam Iyer
aisha.iyer@acme.com,Aisha Iyer
noah.iyer@acme.com,Noah Iyer
kavya.iyer@acme.com,Kavya Iyer
ethan.iyer@acme.com,Ethan Iyer
zara.iyer@acme.com,Zara Iyer
omar.iyer@acme.com,Omar Iyer
neha.iyer@acme.com,Neha Iyer
lucas.iyer@acme.com,Lucas Iyer
isha.iyer@acme.com,Isha Iyer
mateo.iyer@acme.com,Mateo Iyer
priya.walsh@acme.com,Priya Walsh
daniel.walsh@acme.com,Daniel Walsh
mei.walsh@acme.com,Mei Walsh
arjun.walsh@acme.com,Arjun Walsh
sofia.walsh@acme.com,Sofia Walsh
liam.walsh@acme.com,Liam Walsh
aisha.walsh@acme.com,Aisha Walsh
noah.walsh@acme.com,Noah Walsh
kavya.walsh@acme.com,Kavya Walsh
ethan.walsh@acme.com,Ethan Walsh
zara.walsh@acme.com,Zara Walsh
omar.walsh@acme.com,Omar Walsh
neha.walsh@acme.com,Neha Walsh
lucas.walsh@acme.com,Lucas Walsh
isha.walsh@acme.com,Isha Walsh
mateo.walsh@acme.com,Mateo Walsh
priya.ali@acme.com,Priya Ali
daniel.ali@acme.com,Daniel Ali
mei.ali@acme.com,Mei Ali
arjun.ali@acme.com,Arjun Ali
sofia.ali@acme.com,Sofia Ali
liam.ali@acme.com,Liam Ali
aisha.ali@acme.com,Aisha Ali
noah.ali@acme.com,Noah Ali
kavya.ali@acme.com,Kavya Ali
ethan.ali@acme.com,Ethan Ali
zara.ali@acme.com,Zara Ali
omar.ali@acme.com,Omar Ali
neha.ali@acme.com,Neha Ali
lucas.ali@acme.com,Lucas Ali
isha.ali@acme.com,Isha Ali
mateo.ali@acme.com,Mateo Ali
priya.haddad@acme.com,Priya Haddad
daniel.haddad@acme.com,Daniel Haddad
mei.haddad@acme.com,Mei Haddad
arjun.haddad@acme.com,Arjun Haddad
sofia.haddad@acme.com,Sofia Haddad
liam.haddad@acme.com,Liam Haddad
aisha.haddad@acme.com,Aisha Haddad
noah.haddad@acme.com,Noah Haddad
kavya.haddad@acme.com,Kavya Haddad
ethan.haddad@acme.com,Ethan Haddad
zara.haddad@acme.com,Zara Haddad
omar.haddad@acme.com,Omar Haddad
neha.haddad@acme.com,Neha Haddad
lucas.haddad@acme.com,Lucas Haddad
isha.haddad@acme.com,Isha Haddad
mateo.haddad@acme.com,Mateo Haddad
priya.shah@acme.com,Priya Shah
daniel.shah@acme.com,Daniel Shah
mei.shah@acme.com,Mei Shah
arjun.shah@acme.com,Arjun Shah
sofia.shah@acme.com,Sofia Shah
liam.shah@acme.com,Liam Shah
aisha.shah@acme.com,Aisha Shah
noah.shah@acme.com,Noah Shah
kavya.shah@acme.com,Kavya Shah
ethan.shah@acme.com,Ethan Shah
zara.shah@acme.com,Zara Shah
omar.shah@acme.com,Omar Shah
neha.shah@acme.com,Neha Shah
lucas.shah@acme.com,Lucas Shah
isha.shah@acme.com,Isha Shah
mateo.shah@acme.com,Mateo Shah
priya.silva@acme.com,Priya Silva
daniel.silva@acme.com,Daniel Silva
mei.silva@acme.com,Mei Silva
arjun.silva@acme.com,Arjun Silva
sofia.silva@acme.com,Sofia Silva
liam.silva@acme.com,Liam Silva
aisha.silva@acme.com,Aisha Silva
noah.silva@acme.com,Noah Silva
kavya.silva@acme.com,Kavya Silva
ethan.silva@acme.com,Ethan Silva
zara.silva@acme.com,Zara Silva
omar.silva@acme.com,Omar Silva
neha.silva@acme.com,Neha Silva
lucas.silva@acme.com,Lucas Silva
isha.silva@acme.com,Isha Silva
mateo.silva@acme.com,Mateo Silva
priya.rao@acme.com,Priya Rao
daniel.rao@acme.com,Daniel Rao
mei.rao@acme.com,Mei Rao
arjun.rao@acme.com,Arjun Rao
sofia.rao@acme.com,Sofia Rao
liam.rao@acme.com,Liam Rao
aisha.rao@acme.com,Aisha Rao
noah.rao@acme.com,Noah Rao
kavya.rao@acme.com,Kavya Rao
ethan.rao@acme.com,Ethan Rao
zara.rao@acme.com,Zara Rao
omar.rao@acme.com,Omar Rao
neha.rao@acme.com,Neha Rao
lucas.rao@acme.com,Lucas Rao
isha.rao@acme.com,Isha Rao
mateo.rao@acme.com,Mateo Rao
priya.garcia@acme.com,Priya Garcia
daniel.garcia@acme.com,Daniel Garcia
mei.garcia@acme.com,Mei Garcia
arjun.garcia@acme.com,Arjun Garcia
sofia.garcia@acme.com,Sofia Garcia
liam.garcia@acme.com,Liam Garcia
aisha.garcia@acme.com,Aisha Garcia
noah.garcia@acme.com,Noah Garcia
kavya.garcia@acme.com,Kavya Garcia
ethan.garcia@acme.com,Ethan Garcia
zara.garcia@acme.com,Zara Garcia
omar.garcia@acme.com,Omar Garcia
neha.garcia@acme.com,Neha Garcia
lucas.garcia@acme.com,Lucas Garcia
isha.garcia@acme.com,Isha Garcia
mateo.garcia@acme.com,Mateo Garcia
priya.sharma256@acme.com,Priya Sharma
daniel.sharma257@acme.com,Daniel Sharma
mei.sharma258@acme.com,Mei Sharma
arjun.sharma259@acme.com,Arjun Sharma
sofia.sharma260@acme.com,Sofia Sharma
liam.sharma261@acme.com,Liam Sharma
aisha.sharma262@acme.com,Aisha Sharma
noah.sharma263@acme.com,Noah Sharma
kavya.sharma264@acme.com,Kavya Sharma
ethan.sharma265@acme.com,Ethan Sharma
zara.sharma266@acme.com,Zara Sharma
omar.sharma267@acme.com,Omar Sharma
neha.sharma268@acme.com,Neha Sharma
lucas.sharma269@acme.com,Lucas Sharma
isha.sharma270@acme.com,Isha Sharma
mateo.sharma271@acme.com,Mateo Sharma
priya.okafor272@acme.com,Priya Okafor
daniel.okafor273@acme.com,Daniel Okafor
mei.okafor274@acme.com,Mei Okafor
arjun.okafor275@acme.com,Arjun Okafor
sofia.okafor276@acme.com,Sofia Okafor
liam.okafor277@acme.com,Liam Okafor
aisha.okafor278@acme.com,Aisha Okafor
noah.okafor279@acme.com,Noah Okafor
kavya.okafor280@acme.com,Kavya Okafor
ethan.okafor281@acme.com,Ethan Okafor
zara.okafor282@acme.com,Zara Okafor
omar.okafor283@acme.com,Omar Okafor
neha.okafor284@acme.com,Neha Okafor
lucas.okafor285@acme.com,Lucas Okafor
isha.okafor286@acme.com,Isha Okafor
mateo.okafor287@acme.com,Mateo Okafor
priya.lin288@acme.com,Priya Lin
daniel.lin289@acme.com,Daniel Lin
mei.lin290@acme.com,Mei Lin
arjun.lin291@acme.com,Arjun Lin
sofia.lin292@acme.com,Sofia Lin
liam.lin293@acme.com,Liam Lin
aisha.lin294@acme.com,Aisha Lin
noah.lin295@acme.com,Noah Lin
kavya.lin296@acme.com,Kavya Lin
ethan.lin297@acme.com,Ethan Lin
zara.lin298@acme.com,Zara Lin
omar.lin299@acme.com,Omar Lin
neha.lin300@acme.com,Neha Lin
lucas.lin301@acme.com,Lucas Lin
isha.lin302@acme.com,Isha Lin
mateo.lin303@acme.com,Mateo Lin
priya.patel304@acme.com,Priya Patel
daniel.patel305@acme.com,Daniel Patel
mei.patel306@acme.com,Mei Patel
arjun.patel307@acme.com,Arjun Patel
sofia.patel308@acme.com,Sofia Patel
liam.patel309@acme.com,Liam Patel
aisha.patel310@acme.com,Aisha Patel
noah.patel311@acme.com,Noah Patel
kavya.patel312@acme.com,Kavya Patel
ethan.patel313@acme.com,Ethan Patel
zara.patel314@acme.com,Zara Patel
omar.patel315@acme.com,Omar Patel
neha.patel316@acme.com,Neha Patel
lucas.patel317@acme.com,Lucas Patel
isha.patel318@acme.com,Isha Patel
mateo.patel319@acme.com,Mateo Patel
priya.rossi320@acme.com,Priya Rossi
daniel.rossi321@acme.com,Daniel Rossi
mei.rossi322@acme.com,Mei Rossi
arjun.rossi323@acme.com,Arjun Rossi
sofia.rossi324@acme.com,Sofia Rossi
liam.rossi325@acme.com,Liam Rossi
aisha.rossi326@acme.com,Aisha Rossi
noah.rossi327@acme.com,Noah Rossi
kavya.rossi328@acme.com,Kavya Rossi
ethan.rossi329@acme.com,Ethan Rossi
zara.rossi330@acme.com,Zara Rossi
omar.rossi331@acme.com,Omar Rossi
neha.rossi332@acme.com,Neha Rossi
lucas.rossi333@acme.com,Lucas Rossi
isha.rossi334@acme.com,Isha Rossi
mateo.rossi335@acme.com,Mateo Rossi
priya.murphy336@acme.com,Priya Murphy
daniel.murphy337@acme.com,Daniel Murphy
mei.murphy338@acme.com,Mei Murphy
arjun.murphy339@acme.com,Arjun Murphy
sofia.murphy340@acme.com,Sofia Murphy
liam.murphy341@acme.com,Liam Murphy
aisha.murphy342@acme.com,Aisha Murphy
noah.murphy343@acme.com,Noah Murphy
kavya.murphy344@acme.com,Kavya Murphy
ethan.murphy345@acme.com,Ethan Murphy
zara.murphy346@acme.com,Zara Murphy
omar.murphy347@acme.com,Omar Murphy
neha.murphy348@acme.com,Neha Murphy
lucas.murphy349@acme.com,Lucas Murphy
isha.murphy350@acme.com,Isha Murphy
mateo.murphy351@acme.com,Mateo Murphy
priya.khan352@acme.com,Priya Khan
daniel.khan353@acme.com,Daniel Khan
mei.khan354@acme.com,Mei Khan
arjun.khan355@acme.com,Arjun Khan
sofia.khan356@acme.com,Sofia Khan
liam.khan357@acme.com,Liam Khan
aisha.khan358@acme.com,Aisha Khan
noah.khan359@acme.com,Noah Khan
kavya.khan360@acme.com,Kavya Khan
ethan.khan361@acme.com,Ethan Khan
zara.khan362@acme.com,Zara Khan
omar.khan363@acme.com,Omar Khan
neha.khan364@acme.com,Neha Khan
lucas.khan365@acme.com,Lucas Khan
isha.khan366@acme.com,Isha Khan
mateo.khan367@acme.com,Mateo Khan
priya.becker368@acme.com,Priya Becker
daniel.becker369@acme.com,Daniel Becker
mei.becker370@acme.com,Mei Becker
arjun.becker371@acme.com,Arjun Becker
sofia.becker372@acme.com,Sofia Becker
liam.becker373@acme.com,Liam Becker
aisha.becker374@acme.com,Aisha Becker
noah.becker375@acme.com,Noah Becker
kavya.becker376@acme.com,Kavya Becker
ethan.becker377@acme.com,Ethan Becker
zara.becker378@acme.com,Zara Becker
omar.becker379@acme.com,Omar Becker
neha.becker380@acme.com,Neha Becker
lucas.becker381@acme.com,Lucas Becker
isha.becker382@acme.com,Isha Becker
mateo.becker383@acme.com,Mateo Becker
priya.iyer384@acme.com,Priya Iyer
daniel.iyer385@acme.com,Daniel Iyer
mei.iyer386@acme.com,Mei Iyer
arjun.iyer387@acme.com,Arjun Iyer
sofia.iyer388@acme.com,Sofia Iyer
liam.iyer389@acme.com,Liam Iyer
aisha.iyer390@acme.com,Aisha Iyer
noah.iyer391@acme.com,Noah Iyer
kavya.iyer392@acme.com,Kavya Iyer
ethan.iyer393@acme.com,Ethan Iyer
zara.iyer394@acme.com,Zara Iyer
omar.iyer395@acme.com,Omar Iyer
neha.iyer396@acme.com,Neha Iyer
lucas.iyer397@acme.com,Lucas Iyer
isha.iyer398@acme.com,Isha Iyer
mateo.iyer399@acme.com,Mateo Iyer
priya.walsh400@acme.com,Priya Walsh
daniel.walsh401@acme.com,Daniel Walsh
mei.walsh402@acme.com,Mei Walsh
arjun.walsh403@acme.com,Arjun Walsh
sofia.walsh404@acme.com,Sofia Walsh
liam.walsh405@acme.com,Liam Walsh
aisha.walsh406@acme.com,Aisha Walsh
noah.walsh407@acme.com,Noah Walsh
kavya.walsh408@acme.com,Kavya Walsh
ethan.walsh409@acme.com,Ethan Walsh
zara.walsh410@acme.com,Zara Walsh
omar.walsh411@acme.com,Omar Walsh
neha.walsh412@acme.com,Neha Walsh
lucas.walsh413@acme.com,Lucas Walsh
isha.walsh414@acme.com,Isha Walsh
mateo.walsh415@acme.com,Mateo Walsh
priya.ali416@acme.com,Priya Ali
daniel.ali417@acme.com,Daniel Ali
mei.ali418@acme.com,Mei Ali
arjun.ali419@acme.com,Arjun Ali
sofia.ali420@acme.com,Sofia Ali
liam.ali421@acme.com,Liam Ali
aisha.ali422@acme.com,Aisha Ali
noah.ali423@acme.com,Noah Ali
kavya.ali424@acme.com,Kavya Ali
ethan.ali425@acme.com,Ethan Ali
zara.ali426@acme.com,Zara Ali
omar.ali427@acme.com,Omar Ali
neha.ali428@acme.com,Neha Ali
lucas.ali429@acme.com,Lucas Ali
isha.ali430@acme.com,Isha Ali
mateo.ali431@acme.com,Mateo Ali
priya.haddad432@acme.com,Priya Haddad
daniel.haddad433@acme.com,Daniel Haddad
mei.haddad434@acme.com,Mei Haddad
arjun.haddad435@acme.com,Arjun Haddad
sofia.haddad436@acme.com,Sofia Haddad
liam.haddad437@acme.com,Liam Haddad
aisha.haddad438@acme.com,Aisha Haddad
noah.haddad439@acme.com,Noah Haddad
kavya.haddad440@acme.com,Kavya Haddad
ethan.haddad441@acme.com,Ethan Haddad
zara.haddad442@acme.com,Zara Haddad
omar.haddad443@acme.com,Omar Haddad
neha.haddad444@acme.com,Neha Haddad
lucas.haddad445@acme.com,Lucas Haddad
isha.haddad446@acme.com,Isha Haddad
mateo.haddad447@acme.com,Mateo Haddad
priya.shah448@acme.com,Priya Shah
daniel.shah449@acme.com,Daniel Shah
